pattern,value,origin,separable,surface_center_controls,surface_fill_order,self_crossing,collection_no_sort,layer_forbids_reverse,smoothing,sparse_multiline_ui,pattern_bridge_flow,bridge_anchor_policy,void_area_factor,anchor_switch_action,anchor_switch_explicit,custom_extrusion_override,reads_surface_center_mode_in_plane_backend,default_plane_source_order,order_kernel_profile
ipMonotonic,0,NotPlanePath,False,False,False,False,True,False,Never,False,False,Standard,1.0,generate,True,False,False,not_applicable,not_generalized
ipMonotonicLine,1,NotPlanePath,False,False,False,False,True,False,Never,False,False,Standard,1.0,generate,True,False,False,not_applicable,not_generalized
ipRectilinear,2,NotPlanePath,True,False,False,False,False,False,Never,True,False,Standard,1.0,generate,True,False,False,not_applicable,not_generalized
ipAlignedRectilinear,3,NotPlanePath,True,False,False,False,False,False,Never,True,False,Standard,1.0,generate,True,False,False,not_applicable,not_generalized
ipZigZag,4,NotPlanePath,True,False,False,False,False,False,Never,False,False,Standard,1.0,generate,True,False,False,not_applicable,not_generalized
ipCrossZag,5,NotPlanePath,True,False,False,False,False,False,Never,False,False,Standard,1.0,generate,True,False,False,not_applicable,not_generalized
ipLockedZag,6,NotPlanePath,True,False,False,False,False,False,Never,False,False,Standard,1.0,generate,True,True,False,not_applicable,not_generalized
ipLine,7,NotPlanePath,False,False,False,False,False,False,Never,False,False,Standard,1.0,generate,True,False,False,not_applicable,not_generalized
ipGrid,8,NotPlanePath,True,False,False,True,False,True,MultilineOnly,True,False,Standard,4.0,generate,True,False,False,not_applicable,not_generalized
ipTriangles,9,NotPlanePath,True,False,False,True,False,False,MultilineOnly,True,False,Standard,4.5,generate,True,False,False,not_applicable,not_generalized
ipStars,10,NotPlanePath,True,False,False,True,False,False,MultilineOnly,True,False,Standard,4.5,generate,True,False,False,not_applicable,not_generalized
ipCubic,11,NotPlanePath,True,False,False,True,False,False,MultilineOnly,True,False,Standard,4.5,generate,True,False,False,not_applicable,not_generalized
ipAdaptiveCubic,12,NotPlanePath,False,False,False,True,False,False,Never,True,False,Standard,4.5,generate,True,False,False,not_applicable,not_generalized
ipQuarterCubic,13,NotPlanePath,True,False,False,False,False,False,Never,True,False,Standard,1.0,generate,False,False,False,not_applicable,not_generalized
ipSupportCubic,14,NotPlanePath,False,False,False,True,False,False,Never,True,False,Standard,4.5,generate,True,False,False,not_applicable,not_generalized
ipLightning,15,NotPlanePath,False,False,False,False,False,False,Always,True,False,Standard,4.0,generate,True,False,False,not_applicable,not_generalized
ipHoneycomb,16,NotPlanePath,False,False,False,False,False,False,Always,True,False,Standard,4.0,generate,True,False,False,not_applicable,not_generalized
ip3DHoneycomb,17,NotPlanePath,False,False,False,False,False,False,Always,True,False,Standard,1.0,generate,True,False,False,not_applicable,not_generalized
ipLateralHoneycomb,18,NotPlanePath,True,False,False,False,False,False,Never,True,False,Standard,1.0,generate,True,False,False,not_applicable,not_generalized
ipLateralLattice,19,NotPlanePath,True,False,False,False,False,False,Never,True,False,Standard,4.0,generate,True,False,False,not_applicable,not_generalized
ipCrossHatch,20,NotPlanePath,False,False,False,False,False,False,Always,True,False,Standard,1.0,generate,False,False,False,not_applicable,not_generalized
ipTpmsD,21,NotPlanePath,False,False,False,False,False,False,Never,True,False,Standard,1.0,generate,True,False,False,not_applicable,not_generalized
ipTpmsFK,22,NotPlanePath,False,False,False,False,False,False,Never,True,False,Standard,1.0,generate,True,False,False,not_applicable,not_generalized
ipGyroid,23,NotPlanePath,False,False,False,False,False,False,Never,True,False,Standard,1.0,generate,True,False,False,not_applicable,not_generalized
ipConcentric,24,NotPlanePath,False,False,True,False,True,False,Always,True,False,Standard,1.0,generate,True,False,False,not_applicable,concentric_loop_or_depth_order
ipSpiralInset,25,NotPlanePath,False,False,True,False,True,False,Never,False,False,Standard,1.0,generate,True,False,False,not_applicable,spiral_inset_default_outward
ipHilbertCurve,26,Minimum,True,False,False,False,False,False,Always,True,False,TurningNative,1.0,generate,True,False,True,not_guaranteed,plane_path_conditional_source_restore
ipArchimedeanChords,27,Center,True,True,True,False,False,False,Never,True,False,Standard,1.0,generate,True,False,True,not_guaranteed,plane_path_conditional_source_restore
ipOctagramSpiral,28,Center,True,True,True,False,False,False,Always,True,False,TurningNative,1.0,generate,True,False,True,not_guaranteed,plane_path_conditional_source_restore
ipSupportBase,29,NotPlanePath,False,False,False,False,False,False,Never,False,False,Standard,1.0,skip,True,False,False,not_applicable,not_generalized
ipConcentricInternal,30,NotPlanePath,False,False,False,False,True,False,Never,False,False,Standard,1.0,skip,True,True,False,not_applicable,not_generalized
